Mr. & Mrs. Smith,3.4,80
Mr. & Mrs. Smith,3.4,68
Meet Joe Black,3.4,62.429929929929926
Meet Joe Black,3.4,62.429929929929926
Grind,3.4,61.31336384400117
Made of Honor,3.4,61.22011952191235
Made of Honor,3.4,61.22011952191235
Dodgeball: A True Underdog Story,3.4,60.790019960079846
Execution Time: 379543.123 ms
Execution Time: 0.062 ms

